Loan Term,Monthly Repayment
1,20399.999999999956
2,10300.990099009883
3,6935.093451836362
4,5252.475053425749
5,4243.167882086441
6,3570.5162467040477
